Movie Title,Duration,Rating,Release Year,Genre
Home Alone,103 min,7.6,1990,"Comedy, Family"
Harry Potter and the Sorcerer's Stone,152 min,7.6,2001,"Adventure, Family, Fantasy"
The Matrix,136 min,8.7,1999,"Action, Sci-Fi"
How the Grinch Stole Christmas,104 min,6.2,2000,"Comedy, Family, Fantasy"
Avengers: Endgame,181 min,8.4,2019,"Action, Adventure, Drama"
Spider-Man,121 min,7.3,2002,"Action, Adventure, Sci-Fi"
The Shawshank Redemption,142 min,9.3,1994,Drama
Knives Out,130 min,7.9,2019,"Comedy, Crime, Drama"
Little Women,135 min,7.8,2019,"Drama, Romance"
Gisaengchung,132 min,8.6,2019,"Comedy, Drama, Thriller"
Interstellar,169 min,8.6,2014,"Adventure, Drama, Sci-Fi"
Klaus,96 min,8.2,2019,"Animation, Adventure, Comedy"
Titanic,194 min,7.8,1997,"Drama, Romance"
Joker,122 min,8.4,2019,"Crime, Drama, Thriller"
The Polar Express,100 min,6.6,2004,"Animation, Adventure, Comedy"
Promising Young Woman,113 min,7.5,2020,"Crime, Drama, Mystery"
Once Upon a Time in... Hollywood,161 min,7.6,2019,"Comedy, Drama"
Spider-Man 2,127 min,7.3,2004,"Action, Adventure, Sci-Fi"
The Wolf of Wall Street,180 min,8.2,2013,"Biography, Comedy, Crime"
The Lord of the Rings: The Fellowship of the Ring,178 min,8.8,2001,"Action, Adventure, Drama"
The Dark Knight,152 min,9.0,2008,"Action, Crime, Drama"
Blade Runner 2049,164 min,8.0,2017,"Action, Drama, Sci-Fi"
Nocturnal Animals,116 min,7.5,2016,"Drama, Thriller"
Inception,148 min,8.8,2010,"Action, Adventure, Sci-Fi"
Tenet,150 min,7.4,2020,"Action, Sci-Fi, Thriller"
Spectre,148 min,6.8,I 2015,"Action, Adventure, Thriller"
Avengers: Infinity War,149 min,8.4,2018,"Action, Adventure, Sci-Fi"
Spider-Man: Into the Spider-Verse,117 min,8.4,2018,"Animation, Action, Adventure"
Harry Potter and the Goblet of Fire,157 min,7.7,2005,"Adventure, Family, Fantasy"
Goodfellas,146 min,8.7,1990,"Biography, Crime, Drama"
Pulp Fiction,154 min,8.9,1994,"Crime, Drama"
Pride & Prejudice,129 min,7.8,2005,"Drama, Romance"
Fight Club,139 min,8.8,1999,Drama
Harry Potter and the Deathly Hallows: Part 2,130 min,8.1,2011,"Adventure, Fantasy, Mystery"
Gladiator,155 min,8.5,2000,"Action, Adventure, Drama"
1917,119 min,8.3,2019,"Action, Drama, War"
The Green Mile,189 min,8.6,1999,"Crime, Drama, Fantasy"
Gone Girl,149 min,8.1,2014,"Drama, Mystery, Thriller"
Inglourious Basterds,153 min,8.3,2009,"Adventure, Drama, War"
Fifty Shades of Grey,125 min,4.1,2015,"Drama, Romance, Thriller"
The Girl with the Dragon Tattoo,158 min,7.8,2011,"Crime, Drama, Mystery"
Se7en,127 min,8.6,1995,"Crime, Drama, Mystery"
Guardians of the Galaxy,121 min,8.0,2014,"Action, Adventure, Comedy"
Prisoners,153 min,8.1,2013,"Crime, Drama, Mystery"
Forrest Gump,142 min,8.8,1994,"Drama, Romance"
Schindler's List,195 min,8.9,1993,"Biography, Drama, History"
Django Unchained,165 min,8.4,2012,"Drama, Western"
Harry Potter and the Prisoner of Azkaban,142 min,7.9,2004,"Adventure, Family, Fantasy"
Boogie Nights,155 min,7.9,1997,Drama
Jojo Rabbit,108 min,7.9,2019,"Comedy, Drama, War"
Skyfall,143 min,7.8,2012,"Action, Adventure, Thriller"
Requiem for a Dream,102 min,8.3,2000,Drama
No Country for Old Men,122 min,8.1,2007,"Crime, Drama, Thriller"
Bohemian Rhapsody,134 min,7.9,2018,"Biography, Drama, Music"
Ready Player One,140 min,7.4,2018,"Action, Adventure, Sci-Fi"
Sicario,121 min,7.6,2015,"Action, Crime, Drama"
Call Me by Your Name,132 min,7.9,2017,"Drama, Romance"
Suicide Squad,123 min,5.9,2016,"Action, Adventure, Fantasy"
The Father,97 min,8.3,I 2020,"Drama, Mystery"
Jurassic Park,127 min,8.1,1993,"Action, Adventure, Sci-Fi"
L.A. Confidential,138 min,8.2,1997,"Crime, Drama, Mystery"
Saving Private Ryan,169 min,8.6,1998,"Drama, War"
Ad Astra,123 min,6.5,2019,"Adventure, Drama, Mystery"
Mad Max: Fury Road,120 min,8.1,2015,"Action, Adventure, Sci-Fi"
Star Wars: Episode IX - The Rise of Skywalker,141 min,6.5,2019,"Action, Adventure, Fantasy"
The Departed,151 min,8.5,2006,"Action, Crime, Drama"
Bombshell,109 min,6.8,I 2019,"Biography, Drama"
The Avengers,143 min,8.0,2012,"Action, Adventure, Sci-Fi"
American Beauty,122 min,8.3,1999,Drama
Avatar,162 min,7.8,2009,"Action, Adventure, Fantasy"
True Grit,110 min,7.6,2010,"Drama, Western"
The Prestige,130 min,8.5,2006,"Drama, Mystery, Sci-Fi"
The Lord of the Rings: The Return of the King,201 min,8.9,2003,"Action, Adventure, Drama"
The Lighthouse,109 min,7.5,I 2019,"Drama, Fantasy, Horror"
The Grand Budapest Hotel,99 min,8.1,2014,"Adventure, Comedy, Crime"
Good Will Hunting,126 min,8.3,1997,"Drama, Romance"
The Greatest Showman,105 min,7.6,2017,"Biography, Drama, Musical"
The Nightmare Before Christmas,76 min,8.0,1993,"Animation, Family, Fantasy"
Harry Potter and the Deathly Hallows: Part 1,146 min,7.7,2010,"Adventure, Fantasy, Mystery"
Frozen,102 min,7.4,I 2013,"Animation, Adventure, Comedy"
Iron Man,126 min,7.9,2008,"Action, Adventure, Sci-Fi"
Harry Potter and the Half-Blood Prince,153 min,7.6,2009,"Action, Adventure, Family"
Green Book,130 min,8.2,2018,"Biography, Comedy, Drama"
Hacksaw Ridge,139 min,8.1,2016,"Biography, Drama, History"
Doctor Strange,115 min,7.5,2016,"Action, Adventure, Fantasy"
Arrival,116 min,7.9,II 2016,"Drama, Sci-Fi"
There Will Be Blood,158 min,8.2,2007,Drama
The Irishman,209 min,7.8,2019,"Biography, Crime, Drama"
Black Panther,134 min,7.3,2018,"Action, Adventure, Sci-Fi"
The Great Gatsby,143 min,7.2,2013,"Drama, Romance"
The Fifth Element,126 min,7.7,1997,"Action, Adventure, Sci-Fi"
The Lovely Bones,135 min,6.7,2009,"Drama, Fantasy, Thriller"
The Silence of the Lambs,118 min,8.6,1991,"Crime, Drama, Thriller"
Beasts of the Southern Wild,93 min,7.3,2012,"Adventure, Drama, Fantasy"
The Mummy,124 min,7.0,1999,"Action, Adventure, Fantasy"
Dracula,128 min,7.4,1992,"Drama, Fantasy, Horror"
Moana,107 min,7.6,I 2016,"Animation, Adventure, Comedy"
Ex Machina,108 min,7.7,2014,"Drama, Sci-Fi, Thriller"
Pirates of the Caribbean: The Curse of the Black Pearl,143 min,8.0,2003,"Action, Adventure, Fantasy"
The Revenant,156 min,8.0,2015,"Action, Adventure, Drama"
Baby Driver,113 min,7.6,2017,"Action, Crime, Drama"
"The Chronicles of Narnia: The Lion, the Witch and the Wardrobe",143 min,6.9,2005,"Adventure, Family, Fantasy"
Atonement,123 min,7.8,2007,"Drama, Mystery, Romance"
The Piano,121 min,7.6,1993,"Drama, Music, Romance"
The Lion King,118 min,6.8,2019,"Animation, Adventure, Drama"
BlacKkKlansman,135 min,7.5,2018,"Biography, Comedy, Crime"
Whiplash,106 min,8.5,2014,"Drama, Music"
The Hobbit: An Unexpected Journey,169 min,7.8,2012,"Adventure, Fantasy"
Charlie and the Chocolate Factory,115 min,6.6,2005,"Adventure, Comedy, Family"
The Big Short,130 min,7.8,2015,"Biography, Comedy, Drama"
Prometheus,124 min,7.0,I 2012,"Adventure, Mystery, Sci-Fi"
A Star Is Born,136 min,7.6,2018,"Drama, Music, Romance"
The Martian,144 min,8.0,2015,"Adventure, Drama, Sci-Fi"
Nomadland,107 min,7.4,2020,Drama
Dunkirk,106 min,7.8,2017,"Action, Drama, History"
Fantastic Beasts and Where to Find Them,132 min,7.3,2016,"Adventure, Family, Fantasy"
Troy,163 min,7.3,2004,"Drama, History"
Black Swan,108 min,8.0,2010,"Drama, Thriller"
Mulholland Dr.,147 min,7.9,2001,"Drama, Mystery, Thriller"
Moneyball,133 min,7.6,2011,"Biography, Drama, Sport"
Soul,100 min,8.1,2020,"Animation, Adventure, Comedy"
Edward Scissorhands,105 min,7.9,1990,"Drama, Fantasy, Romance"
Iron Man Three,130 min,7.1,2013,"Action, Adventure, Sci-Fi"
Eternal Sunshine of the Spotless Mind,108 min,8.3,2004,"Drama, Romance, Sci-Fi"
Coco,105 min,8.4,I 2017,"Animation, Adventure, Comedy"
Guardians of the Galaxy Vol. 2,136 min,7.6,2017,"Action, Adventure, Comedy"
Catch Me If You Can,141 min,8.1,2002,"Biography, Crime, Drama"
Logan,137 min,8.1,2017,"Action, Drama, Sci-Fi"
The Hateful Eight,168 min,7.8,2015,"Crime, Drama, Mystery"
The Lord of the Rings: The Two Towers,179 min,8.7,2002,"Action, Adventure, Drama"
Marriage Story,137 min,7.9,2019,"Comedy, Drama, Romance"
The Town,125 min,7.5,2010,"Crime, Drama, Thriller"
Children of Men,109 min,7.9,2006,"Action, Drama, Sci-Fi"
American Gangster,157 min,7.8,2007,"Biography, Crime, Drama"
Get Out,104 min,7.7,I 2017,"Horror, Mystery, Thriller"
Sen to Chihiro no kamikakushi,125 min,8.6,2001,"Animation, Adventure, Family"
Juno,96 min,7.4,2007,"Comedy, Drama"
The Usual Suspects,106 min,8.5,1995,"Crime, Drama, Mystery"
Closer,104 min,7.2,I 2004,"Drama, Romance"
Into the Wild,148 min,8.1,2007,"Adventure, Biography, Drama"
The Social Network,120 min,7.7,2010,"Biography, Drama"
The Truman Show,103 min,8.1,1998,"Comedy, Drama"
Starship Troopers,129 min,7.2,1997,"Action, Adventure, Sci-Fi"
Terminator 2: Judgment Day,137 min,8.5,1991,"Action, Sci-Fi"
A Quiet Place,90 min,7.5,2018,"Drama, Horror, Sci-Fi"
Batman Begins,140 min,8.2,2005,"Action, Crime"
The Lion King,88 min,8.5,1994,"Animation, Adventure, Drama"
Emma.,124 min,6.7,2020,"Comedy, Drama, Romance"
Star Wars: Episode I - The Phantom Menace,136 min,6.5,1999,"Action, Adventure, Fantasy"
Ford v Ferrari,152 min,8.1,2019,"Action, Biography, Drama"
Braveheart,178 min,8.3,1995,"Biography, Drama, History"
La La Land,128 min,8.0,2016,"Comedy, Drama, Music"
Enchanted,107 min,7.0,2007,"Animation, Adventure, Comedy"
Total Recall,113 min,7.5,1990,"Action, Adventure, Sci-Fi"
Almost Famous,122 min,7.9,2000,"Adventure, Comedy, Drama"
Memento,113 min,8.4,2000,"Mystery, Thriller"
Transformers,144 min,7.0,2007,"Action, Adventure, Sci-Fi"
Drive,100 min,7.8,I 2011,"Action, Drama"
The Imitation Game,114 min,8.0,2014,"Biography, Drama, Thriller"
Cars,117 min,7.1,2006,"Animation, Adventure, Comedy"
Interview with the Vampire: The Vampire Chronicles,123 min,7.5,1994,"Drama, Fantasy, Horror"
Rocketman,121 min,7.3,I 2019,"Biography, Drama, Musical"
Her,126 min,8.0,2013,"Drama, Romance, Sci-Fi"
Apollo 13,140 min,7.6,I 1995,"Adventure, Drama, History"
The Blind Side,129 min,7.6,2009,"Biography, Drama, Sport"
Jagten,115 min,8.3,2012,Drama
Fargo,98 min,8.1,1996,"Crime, Thriller"
Ratatouille,111 min,8.0,2007,"Animation, Adventure, Comedy"
The Pianist,150 min,8.5,2002,"Biography, Drama, Music"
Into the Woods,125 min,5.9,2014,"Adventure, Comedy, Drama"
The Shape of Water,123 min,7.3,2017,"Drama, Fantasy, Romance"
Independence Day,145 min,7.0,1996,"Action, Adventure, Sci-Fi"
The Incredibles,115 min,8.0,2004,"Animation, Action, Adventure"
Captain Fantastic,118 min,7.9,2016,"Comedy, Drama"
"Three Billboards Outside Ebbing, Missouri",115 min,8.1,2017,"Comedy, Crime, Drama"
Les Misérables,158 min,7.6,2012,"Drama, Musical, Romance"
American Hustle,138 min,7.2,2013,"Crime, Drama"
Romeo + Juliet,120 min,6.7,1996,"Drama, Romance"
Moonrise Kingdom,94 min,7.8,2012,"Comedy, Drama, Romance"
The Godfather: Part III,162 min,7.6,1990,"Crime, Drama"
Lady Bird,94 min,7.4,2017,"Comedy, Drama"
The Favourite,119 min,7.5,2018,"Biography, Comedy, Drama"
Rogue One,133 min,7.8,2016,"Action, Adventure, Sci-Fi"
Hidden Figures,127 min,7.9,2016,"Biography, Drama, History"
Star Wars: Episode VII - The Force Awakens,138 min,7.8,2015,"Action, Adventure, Sci-Fi"
Nightcrawler,117 min,7.8,2014,"Crime, Drama, Thriller"
Beauty and the Beast,129 min,7.1,I 2017,"Adventure, Family, Fantasy"
Silver Linings Playbook,122 min,7.7,2012,"Comedy, Drama, Romance"
Star Trek,127 min,7.9,2009,"Action, Adventure, Sci-Fi"
The Master,138 min,7.2,2012,Drama
News of the World,118 min,6.8,2020,"Action, Adventure, Drama"
Fantastic Mr. Fox,87 min,7.9,2009,"Animation, Adventure, Comedy"
Cast Away,143 min,7.8,2000,"Adventure, Drama, Romance"
La vita è bella,116 min,8.6,1997,"Comedy, Drama, Romance"
Bridesmaids,125 min,6.8,I 2011,"Comedy, Romance"
The Hobbit: The Desolation of Smaug,161 min,7.8,2013,"Adventure, Fantasy"
A River Runs Through It,123 min,7.2,1992,Drama
Hook,142 min,6.8,1991,"Adventure, Comedy, Family"
Passengers,116 min,7.0,I 2016,"Drama, Romance, Sci-Fi"
A Beautiful Mind,135 min,8.2,2001,"Biography, Drama"
The Lobster,119 min,7.2,2015,"Comedy, Drama, Romance"
Sweeney Todd: The Demon Barber of Fleet Street,116 min,7.3,2007,"Drama, Horror, Musical"
JFK,189 min,8.0,1991,"Drama, History, Thriller"
Malèna,108 min,7.5,2000,"Drama, Romance, War"
Spotlight,129 min,8.1,I 2015,"Biography, Crime, Drama"
Anna Karenina,129 min,6.6,I 2012,"Drama, Romance"
The Mask,101 min,6.9,1994,"Action, Comedy, Crime"
Life,108 min,6.8,I 1999,"Comedy, Crime, Drama"
Incendies,131 min,8.3,2010,"Drama, Mystery, War"
Love and Monsters,109 min,7.0,I 2020,"Action, Adventure, Comedy"
Magnolia,188 min,8.0,1999,Drama
Brokeback Mountain,134 min,7.7,2005,"Drama, Romance"
Trainspotting,93 min,8.1,1996,Drama
Casino,178 min,8.2,1995,"Crime, Drama"
Star Wars: Episode VIII - The Last Jedi,152 min,6.9,2017,"Action, Adventure, Fantasy"
Little Women,115 min,7.3,1994,"Drama, Family, Romance"
Manchester by the Sea,137 min,7.8,2016,Drama
Minari,115 min,7.5,2020,Drama
Dallas Buyers Club,117 min,8.0,2013,"Biography, Drama"
Mulan,115 min,5.7,2020,"Action, Adventure, Drama"
Shrek,90 min,7.9,2001,"Animation, Adventure, Comedy"
The Ballad of Buster Scruggs,133 min,7.3,2018,"Comedy, Drama, Musical"
Mystic River,138 min,7.9,2003,"Crime, Drama, Mystery"
Zootopia,108 min,8.0,2016,"Animation, Adventure, Comedy"
The Good Shepherd,167 min,6.7,2006,"Drama, History, Thriller"
Argo,120 min,7.7,2012,"Biography, Drama, Thriller"
Pretty Woman,119 min,7.1,1990,"Comedy, Romance"
Dances with Wolves,181 min,8.0,1990,"Adventure, Drama, Western"
American History X,119 min,8.5,1998,Drama
Monster,109 min,7.3,2003,"Biography, Crime, Drama"
Mrs. Doubtfire,125 min,7.0,1993,"Comedy, Drama, Family"
Hell or High Water,102 min,7.6,II 2016,"Action, Crime, Drama"
Iron Man 2,124 min,7.0,2010,"Action, Adventure, Sci-Fi"
Unforgiven,130 min,8.2,1992,"Drama, Western"
Basic Instinct,127 min,7.0,1992,"Drama, Mystery, Thriller"
Black Hawk Down,144 min,7.7,2001,"Action, Drama, War"
Lost in Translation,102 min,7.7,2003,"Comedy, Drama"
Captain America: The Winter Soldier,136 min,7.7,2014,"Action, Adventure, Sci-Fi"
A Beautiful Day in the Neighborhood,109 min,7.3,2019,"Biography, Drama"
X-Men: Days of Future Past,132 min,7.9,2014,"Action, Adventure, Sci-Fi"
Toy Story,81 min,8.3,1995,"Animation, Adventure, Comedy"
Cinderella,105 min,6.9,I 2015,"Adventure, Drama, Family"
The Trial of the Chicago 7,129 min,7.8,2020,"Drama, History, Thriller"
Armageddon,151 min,6.7,1998,"Action, Adventure, Sci-Fi"
The Pursuit of Happyness,117 min,8.0,2006,"Biography, Drama"
The Talented Mr. Ripley,139 min,7.4,1999,"Crime, Drama, Thriller"
Frozen II,103 min,6.8,2019,"Animation, Adventure, Comedy"
Phantom Thread,130 min,7.5,2017,"Drama, Romance"
Inside Out,95 min,8.1,I 2015,"Animation, Adventure, Comedy"
Gangs of New York,167 min,7.5,2002,"Crime, Drama"
The Rock,136 min,7.4,1996,"Action, Adventure, Thriller"
The Devil Wears Prada,109 min,6.9,2006,"Comedy, Drama"
Warrior,140 min,8.1,2011,"Action, Drama, Sport"
American Sniper,133 min,7.3,2014,"Action, Biography, Drama"
Vice,132 min,7.2,I 2018,"Biography, Comedy, Drama"
Addams Family Values,94 min,6.8,1993,"Comedy, Fantasy"
Men in Black,98 min,7.3,1997,"Action, Adventure, Comedy"
Zero Dark Thirty,157 min,7.4,2012,"Drama, History, Thriller"
Gone Baby Gone,114 min,7.6,2007,"Crime, Drama, Mystery"
The Sixth Sense,107 min,8.1,1999,"Drama, Mystery, Thriller"
Greyhound,91 min,7.0,2020,"Action, Drama, History"
8 Mile,110 min,7.1,2002,"Drama, Music"
Solo: A Star Wars Story,135 min,6.9,2018,"Action, Adventure, Sci-Fi"
Sound of Metal,120 min,7.8,2019,"Drama, Music"
Unfaithful,124 min,6.7,2002,"Drama, Romance, Thriller"
12 Years a Slave,134 min,8.1,2013,"Biography, Drama, History"
Incredibles 2,118 min,7.6,2018,"Animation, Action, Adventure"
Star Wars: Episode II - Attack of the Clones,142 min,6.5,2002,"Action, Adventure, Fantasy"
Tropic Thunder,107 min,7.0,2008,"Action, Comedy, War"
Sherlock Holmes,128 min,7.6,2009,"Action, Adventure, Mystery"
The Last of the Mohicans,112 min,7.7,1992,"Action, Adventure, Drama"
The Hurt Locker,131 min,7.5,2008,"Drama, Thriller, War"
My Cousin Vinny,120 min,7.6,1992,"Comedy, Crime"
Sleepers,147 min,7.6,1996,"Crime, Drama, Thriller"
The Bourne Ultimatum,115 min,8.0,2007,"Action, Adventure, Mystery"
Silence,161 min,7.2,I 2016,"Drama, History"
Little Miss Sunshine,101 min,7.8,2006,"Comedy, Drama"
The Hobbit: The Battle of the Five Armies,144 min,7.4,2014,"Adventure, Fantasy"
Wonder,113 min,8.0,I 2017,"Drama, Family"
Moulin Rouge!,127 min,7.6,2001,"Drama, Musical, Romance"
Thirteen,100 min,6.8,2003,Drama
Kong: Skull Island,118 min,6.6,2017,"Action, Adventure, Fantasy"
13 Hours,144 min,7.3,2016,"Action, Drama, History"
"I, Tonya",119 min,7.5,2017,"Biography, Comedy, Drama"
The Addams Family,99 min,6.9,1991,"Comedy, Fantasy"
Inherent Vice,148 min,6.7,2014,"Comedy, Crime, Drama"
The Mask of Zorro,136 min,6.8,1998,"Action, Adventure, Comedy"
Star Trek Beyond,122 min,7.0,2016,"Action, Adventure, Sci-Fi"
Batman Returns,126 min,7.0,1992,"Action, Crime, Fantasy"
Room,118 min,8.1,I 2015,"Drama, Thriller"
The Royal Tenenbaums,110 min,7.6,2001,"Comedy, Drama"
Molly's Game,140 min,7.4,2017,"Biography, Crime, Drama"
Moonlight,111 min,7.4,I 2016,Drama
Waterworld,135 min,6.2,1995,"Action, Adventure, Sci-Fi"
Tangled,100 min,7.7,2010,"Animation, Adventure, Comedy"
Robin Hood: Prince of Thieves,143 min,6.9,1991,"Action, Adventure, Drama"
The Curious Case of Benjamin Button,166 min,7.8,2008,"Drama, Fantasy, Romance"
Richard Jewell,131 min,7.5,2019,"Biography, Crime, Drama"
WALL·E,98 min,8.4,2008,"Animation, Adventure, Family"
Misery,107 min,7.8,1990,"Drama, Thriller"
Cold Mountain,154 min,7.2,2003,"Adventure, Drama, History"
Darkest Hour,125 min,7.4,2017,"Biography, Drama, War"
Toy Story 4,100 min,7.7,2019,"Animation, Adventure, Comedy"
Cape Fear,128 min,7.3,1991,"Crime, Thriller"
Star Trek Into Darkness,132 min,7.7,2013,"Action, Adventure, Sci-Fi"
Donnie Brasco,127 min,7.7,1997,"Biography, Crime, Drama"
A Few Good Men,138 min,7.7,1992,"Drama, Thriller"
Pirates of the Caribbean: Dead Man's Chest,151 min,7.3,2006,"Action, Adventure, Fantasy"
That Thing You Do!,108 min,6.9,1996,"Comedy, Drama, Music"
The Florida Project,111 min,7.6,2017,Drama
Ghost,127 min,7.1,1990,"Drama, Fantasy, Romance"
Big Fish,125 min,8.0,2003,"Adventure, Drama, Fantasy"
Face/Off,138 min,7.2,1997,"Action, Crime, Sci-Fi"
The Help,146 min,8.0,2011,Drama
Pieces of a Woman,126 min,7.1,2020,Drama
Star Wars: Episode III - Revenge of the Sith,140 min,7.5,2005,"Action, Adventure, Fantasy"
Begin Again,104 min,7.4,II 2013,"Comedy, Drama, Music"
Collateral,120 min,7.5,2004,"Action, Crime, Drama"
Eurovision Song Contest: The Story of Fire Saga,123 min,6.5,2020,"Comedy, Music"
Alice in Wonderland,108 min,6.4,I 2010,"Adventure, Family, Fantasy"
Twelve Monkeys,129 min,8.0,1995,"Mystery, Sci-Fi, Thriller"
Training Day,122 min,7.7,2001,"Crime, Drama, Thriller"
Ice Age,81 min,7.5,2002,"Animation, Adventure, Comedy"
Minority Report,145 min,7.6,2002,"Action, Crime, Mystery"
Birdman or (The Unexpected Virtue of Ignorance),119 min,7.7,2014,"Comedy, Drama"
Le fabuleux destin d'Amélie Poulain,122 min,8.3,2001,"Comedy, Romance"
Midnight in Paris,94 min,7.7,2011,"Comedy, Fantasy, Romance"
Maleficent,97 min,7.0,2014,"Adventure, Family, Fantasy"
Der Untergang,156 min,8.2,2004,"Biography, Drama, History"
What's Eating Gilbert Grape,118 min,7.7,1993,Drama
Flight,138 min,7.3,I 2012,"Drama, Thriller"
Up,96 min,8.2,2009,"Animation, Adventure, Comedy"
Big Hero 6,102 min,7.8,2014,"Animation, Action, Adventure"
Shrek 2,93 min,7.2,2004,"Animation, Adventure, Comedy"
Lo imposible,114 min,7.6,2012,"Drama, History, Thriller"
The Hunt for Red October,135 min,7.6,1990,"Action, Adventure, Thriller"
Con Air,115 min,6.9,1997,"Action, Crime, Thriller"
Finding Nemo,100 min,8.1,2003,"Animation, Adventure, Comedy"
Thelma & Louise,130 min,7.5,1991,"Adventure, Crime, Drama"
Legends of the Fall,133 min,7.5,1994,"Drama, Romance, War"
Primal Fear,129 min,7.7,1996,"Crime, Drama, Mystery"
About a Boy,101 min,7.1,2002,"Comedy, Drama, Romance"
Hercules,93 min,7.3,1997,"Animation, Adventure, Comedy"
"Monsters, Inc.",92 min,8.1,2001,"Animation, Adventure, Comedy"
Carol,118 min,7.3,2015,"Drama, Romance"
The Reader,124 min,7.6,2008,"Drama, Romance"
Lincoln,150 min,7.3,2012,"Biography, Drama, History"
Beauty and the Beast,84 min,8.0,1991,"Animation, Family, Fantasy"
Million Dollar Baby,132 min,8.1,2004,"Drama, Sport"
Isle of Dogs,101 min,7.9,2018,"Animation, Adventure, Comedy"
The Patriot,165 min,7.2,2000,"Action, Drama, History"
Speed,116 min,7.2,1994,"Action, Adventure, Thriller"
Bridget Jones's Diary,97 min,6.7,2001,"Comedy, Drama, Romance"
The Croods,98 min,7.2,2013,"Animation, Adventure, Comedy"
Crash,112 min,7.7,I 2004,"Crime, Drama, Thriller"
"Girl, Interrupted",127 min,7.3,1999,"Biography, Drama"
Scent of a Woman,156 min,8.0,1992,Drama
A.I. Artificial Intelligence,146 min,7.2,2001,"Drama, Sci-Fi"
Four Weddings and a Funeral,117 min,7.1,1994,"Comedy, Drama, Romance"
Tinker Tailor Soldier Spy,122 min,7.1,2011,"Drama, Mystery, Thriller"
Pirates of the Caribbean: At World's End,169 min,7.1,2007,"Action, Adventure, Fantasy"
Monster's Ball,111 min,7.0,2001,"Drama, Romance"
Gattaca,106 min,7.8,1997,"Drama, Sci-Fi, Thriller"
Blue Valentine,112 min,7.3,2010,"Drama, Romance"
Trolls,92 min,6.5,2016,"Animation, Adventure, Comedy"
All the Money in the World,132 min,6.8,2017,"Biography, Crime, Drama"
Wanted,110 min,6.7,2008,"Action, Crime, Thriller"
Snow White and the Huntsman,127 min,6.1,2012,"Action, Adventure, Drama"
Gravity,91 min,7.7,2013,"Action, Drama, Sci-Fi"
Chicago,113 min,7.2,2002,"Comedy, Crime, Musical"
The Thin Red Line,170 min,7.6,1998,"Drama, History, War"
Superman Returns,154 min,6.0,2006,"Action, Sci-Fi"
In Bruges,107 min,7.9,2008,"Comedy, Crime, Drama"
Brave,93 min,7.1,2012,"Animation, Adventure, Comedy"
The Lost World: Jurassic Park,129 min,6.6,1997,"Action, Adventure, Sci-Fi"
Dick Tracy,105 min,6.1,1990,"Action, Comedy, Crime"
The Post,116 min,7.2,2017,Drama
The Firm,154 min,6.8,1993,"Drama, Mystery, Thriller"
How to Train Your Dragon,98 min,8.1,2010,"Animation, Action, Adventure"
Mank,131 min,6.9,2020,"Biography, Comedy, Drama"
Hugo,126 min,7.5,2011,"Adventure, Drama, Family"
Unbroken,137 min,7.2,I 2014,"Action, Biography, Drama"
District 9,112 min,7.9,2009,"Action, Sci-Fi, Thriller"
Vanilla Sky,136 min,6.9,2001,"Fantasy, Mystery, Romance"
As Good as It Gets,139 min,7.7,1997,"Comedy, Drama, Romance"
The English Patient,162 min,7.4,1996,"Drama, Romance, War"
The Last Samurai,154 min,7.7,2003,"Action, Drama"
Aladdin,90 min,8.0,1992,"Animation, Adventure, Comedy"
"I, Robot",115 min,7.1,2004,"Action, Mystery, Sci-Fi"
Erin Brockovich,131 min,7.4,2000,"Biography, Drama"
Lion,118 min,8.0,2016,"Biography, Drama"
Jerry Maguire,139 min,7.3,1996,"Comedy, Drama, Romance"
The Aviator,170 min,7.5,2004,"Biography, Drama"
The Cell,107 min,6.4,2000,"Crime, Horror, Sci-Fi"
Coraline,100 min,7.7,2009,"Animation, Drama, Family"
The Theory of Everything,123 min,7.7,2014,"Biography, Drama, Romance"
Tron,125 min,6.8,2010,"Action, Adventure, Sci-Fi"
Pearl Harbor,183 min,6.2,2001,"Action, Drama, History"
War of the Worlds,116 min,6.5,2005,"Action, Adventure, Sci-Fi"
Dancer in the Dark,140 min,8.0,2000,"Crime, Drama, Musical"
Toy Story 3,103 min,8.2,2010,"Animation, Adventure, Comedy"
Sleepless in Seattle,105 min,6.8,1993,"Comedy, Drama, Romance"
Jackie Brown,154 min,7.5,1997,"Crime, Drama, Thriller"
Maleficent: Mistress of Evil,119 min,6.6,2019,"Adventure, Family, Fantasy"
Blood Diamond,143 min,8.0,2006,"Adventure, Drama, Thriller"
True Lies,141 min,7.2,1994,"Action, Comedy, Thriller"
Alien³,114 min,6.5,1992,"Action, Horror, Sci-Fi"
Ted,106 min,6.9,2012,Comedy
The Danish Girl,119 min,7.1,2015,"Biography, Drama, Romance"
Road to Perdition,117 min,7.7,2002,"Crime, Drama, Thriller"
Up in the Air,109 min,7.4,I 2009,"Comedy, Drama, Romance"
Onward,102 min,7.4,I 2020,"Animation, Adventure, Comedy"
King Kong,187 min,7.2,2005,"Action, Adventure, Drama"
Revolutionary Road,119 min,7.3,2008,"Drama, Romance"
Batman Forever,121 min,5.4,1995,"Action, Adventure"
Vicky Cristina Barcelona,96 min,7.1,2008,"Comedy, Drama, Romance"
Twister,113 min,6.4,I 1996,"Action, Adventure, Thriller"
Lone Survivor,121 min,7.5,2013,"Action, Biography, Drama"
The Village,108 min,6.5,2004,"Drama, Mystery, Thriller"
Bright Star,119 min,6.9,2009,"Biography, Drama, Romance"
Sense and Sensibility,136 min,7.7,1995,"Drama, Romance"
Mary Poppins Returns,130 min,6.7,2018,"Adventure, Comedy, Family"
Wreck-It Ralph,101 min,7.7,2012,"Animation, Adventure, Comedy"
The Phantom of the Opera,143 min,7.2,2004,"Drama, Musical, Romance"
"O Brother, Where Art Thou?",107 min,7.7,2000,"Adventure, Comedy, Crime"
The Fighter,116 min,7.8,I 2010,"Biography, Drama, Sport"
Slumdog Millionaire,120 min,8.0,2008,"Drama, Romance"
Munich,164 min,7.5,2005,"Action, Drama, History"
Wyatt Earp,191 min,6.7,1994,"Adventure, Biography, Crime"
Straight Outta Compton,147 min,7.8,2015,"Biography, Drama, History"
Contact,150 min,7.5,1997,"Drama, Mystery, Sci-Fi"
Wild at Heart,125 min,7.2,1990,"Comedy, Crime, Drama"
Gosford Park,131 min,7.2,2001,"Comedy, Drama, Mystery"
Traffic,147 min,7.6,2000,"Crime, Drama, Thriller"
A Series of Unfortunate Events,108 min,6.8,2004,"Adventure, Comedy, Family"
Salt,100 min,6.4,2010,"Action, Thriller"
Kung Fu Panda,92 min,7.6,2008,"Animation, Action, Adventure"
Allied,124 min,7.1,2016,"Action, Drama, Romance"
Life of Pi,127 min,7.9,2012,"Adventure, Drama, Fantasy"
Mulan,88 min,7.7,1998,"Animation, Adventure, Comedy"
Boyz n the Hood,112 min,7.8,1991,"Crime, Drama"
Inside Llewyn Davis,104 min,7.5,2013,"Comedy, Drama, Music"
Marie Antoinette,123 min,6.5,2006,"Biography, Drama, History"
Transformers: Dark of the Moon,154 min,6.2,2011,"Action, Adventure, Sci-Fi"
Transformers: Revenge of the Fallen,149 min,6.0,2009,"Action, Adventure, Sci-Fi"
The Fugitive,130 min,7.8,1993,"Action, Crime, Drama"
What Dreams May Come,113 min,7.0,1998,"Drama, Fantasy, Romance"
Mary Queen of Scots,124 min,6.3,2018,"Biography, Drama, History"
Chocolat,121 min,7.2,2000,"Drama, Romance"
My Best Friend's Wedding,105 min,6.3,1997,"Comedy, Drama, Romance"
Roma,135 min,7.7,2018,Drama
Jane Eyre,120 min,7.3,2011,"Drama, Romance"
Sleepy Hollow,105 min,7.3,1999,"Fantasy, Horror, Mystery"
Bridge of Spies,142 min,7.6,2015,"Drama, History, Thriller"
Heavenly Creatures,99 min,7.3,1994,"Biography, Crime, Drama"
War for the Planet of the Apes,140 min,7.4,2017,"Action, Adventure, Drama"
The Midnight Sky,118 min,5.6,2020,"Drama, Fantasy, Sci-Fi"
Ralph Breaks the Internet,112 min,7.0,2018,"Animation, Adventure, Comedy"
Jackie,100 min,6.7,V 2016,"Biography, Drama"
Sideways,127 min,7.5,2004,"Comedy, Drama, Romance"
City Slickers,113 min,6.8,1991,"Comedy, Western"
Fried Green Tomatoes,130 min,7.7,1991,Drama
Pleasantville,124 min,7.5,1998,"Comedy, Drama, Fantasy"
The King's Speech,118 min,8.0,2010,"Biography, Drama, History"
Youth,124 min,7.3,I 2015,"Comedy, Drama, Music"
Corpse Bride,77 min,7.3,2005,"Animation, Drama, Family"
Foxcatcher,134 min,7.0,2014,"Biography, Drama, History"
Creed,133 min,7.6,II 2015,"Action, Drama, Sport"
Little Children,137 min,7.5,2006,"Drama, Romance"
The Disaster Artist,104 min,7.3,2017,"Biography, Comedy, Drama"
Anastasia,94 min,7.2,1997,"Animation, Adventure, Drama"
Memoirs of a Geisha,145 min,7.4,2005,"Drama, Romance"
Eastern Promises,100 min,7.6,2007,"Crime, Drama, Thriller"
A Bug's Life,95 min,7.2,1998,"Animation, Adventure, Comedy"
Tarzan,88 min,7.3,1999,"Animation, Adventure, Comedy"
Hollow Man,112 min,5.8,2000,"Action, Horror, Sci-Fi"
Captain Phillips,134 min,7.8,2013,"Adventure, Biography, Crime"
Frida,123 min,7.4,2002,"Biography, Drama, Romance"
The Bodyguard,129 min,6.3,1992,"Action, Drama, Music"
Changeling,141 min,7.7,2008,"Biography, Crime, Drama"
A Single Man,99 min,7.5,2009,"Drama, Romance"
My Big Fat Greek Wedding,95 min,6.6,2002,"Comedy, Drama, Romance"
Ali,157 min,6.8,2001,"Biography, Drama, Sport"
The Tree of Life,139 min,6.8,2011,"Drama, Fantasy"
The Time Machine,96 min,6.0,2002,"Action, Adventure, Sci-Fi"
Austin Powers: The Spy Who Shagged Me,95 min,6.6,1999,"Action, Adventure, Comedy"
The Jungle Book,106 min,7.4,2016,"Adventure, Drama, Family"
The Age of Innocence,139 min,7.2,1993,"Drama, Romance"
The Big Sick,120 min,7.5,2017,"Comedy, Drama, Romance"
Out of Sight,123 min,7.0,1998,"Comedy, Crime, Drama"
Harriet,125 min,6.6,I 2019,"Action, Biography, Drama"
Meet the Parents,108 min,7.0,2000,"Comedy, Romance"
Awakenings,121 min,7.8,1990,"Biography, Drama"
Click,107 min,6.4,2006,"Comedy, Drama, Fantasy"
Toy Story 2,92 min,7.9,1999,"Animation, Adventure, Comedy"
3:10 to Yuma,122 min,7.7,2007,"Action, Crime, Drama"
Dawn of the Planet of the Apes,130 min,7.6,2014,"Action, Adventure, Drama"
First Man,141 min,7.3,2018,"Biography, Drama, History"
Sexy Beast,89 min,7.3,2000,"Crime, Drama, Thriller"
Walk the Line,136 min,7.8,2005,"Biography, Drama, Music"
The Assassination of Jesse James by the Coward Robert Ford,160 min,7.5,2007,"Biography, Crime, Drama"
Boyhood,165 min,7.9,I 2014,Drama
The Judge,141 min,7.4,2014,"Crime, Drama"
Sully,96 min,7.4,2016,"Biography, Drama"
Something's Gotta Give,128 min,6.7,2003,"Comedy, Drama, Romance"
Australia,165 min,6.6,2008,"Adventure, Comedy, Drama"
The Princess and the Frog,97 min,7.1,2009,"Animation, Adventure, Comedy"
Brooklyn,117 min,7.5,2015,"Drama, Romance"
Cliffhanger,113 min,6.5,1993,"Action, Adventure, Thriller"
The Golden Compass,113 min,6.1,2007,"Adventure, Family, Fantasy"
The Perfect Storm,130 min,6.4,2000,"Action, Adventure, Drama"
The Emperor's New Groove,78 min,7.4,2000,"Animation, Adventure, Comedy"
Shakespeare in Love,123 min,7.1,1998,"Comedy, Drama, History"
The Black Dahlia,121 min,5.6,2006,"Crime, Drama, Mystery"
Death Becomes Her,104 min,6.6,1992,"Comedy, Fantasy, Horror"
Steve Jobs,122 min,7.2,2015,"Biography, Drama"
The Birdcage,117 min,7.1,1996,Comedy
The Wrestler,109 min,7.9,2008,"Drama, Sport"
Treasure Planet,95 min,7.2,2002,"Animation, Adventure, Family"
The Descendants,115 min,7.3,2011,"Comedy, Drama"
The Prince of Egypt,99 min,7.1,1998,"Animation, Adventure, Drama"
Judy,118 min,6.8,II 2019,"Biography, Drama, Romance"
Leaving Las Vegas,111 min,7.5,1995,"Drama, Romance"
Match Point,124 min,7.6,2005,"Drama, Romance, Thriller"
Master and Commander: The Far Side of the World,138 min,7.4,2003,"Action, Adventure, Drama"
The Lego Movie,100 min,7.7,2014,"Animation, Action, Adventure"
Philadelphia,125 min,7.7,1993,Drama
The Constant Gardener,129 min,7.4,2005,"Drama, Mystery, Romance"
Defiance,137 min,7.2,I 2008,"Action, Drama, History"
127 Hours,94 min,7.5,2010,"Biography, Drama"
Michael Clayton,119 min,7.2,2007,"Crime, Drama, Mystery"
A History of Violence,96 min,7.4,2005,"Action, Drama, Thriller"
"Hail, Caesar!",106 min,6.3,2016,"Comedy, Drama, Music"
The Boss Baby,97 min,6.3,2017,"Animation, Adventure, Comedy"
The Adventures of Tintin,107 min,7.3,2011,"Animation, Action, Adventure"
Clear and Present Danger,141 min,6.9,1994,"Action, Crime, Drama"
"South Park: Bigger, Longer & Uncut",81 min,7.7,1999,"Animation, Comedy, Fantasy"
Bolt,96 min,6.8,2008,"Animation, Adventure, Comedy"
Being John Malkovich,113 min,7.7,1999,"Comedy, Drama, Fantasy"
Hotel Rwanda,121 min,8.1,2004,"Biography, Drama, History"
Happy Feet,108 min,6.4,2006,"Animation, Adventure, Comedy"
Da 5 Bloods,154 min,6.5,2020,"Adventure, Drama, War"
The First Wives Club,103 min,6.4,1996,Comedy
How to Train Your Dragon: The Hidden World,104 min,7.5,2019,"Animation, Action, Adventure"
Rango,107 min,7.2,2011,"Animation, Action, Adventure"
Elizabeth,124 min,7.4,1998,"Biography, Drama, History"
Billy Elliot,110 min,7.7,2000,"Drama, Music"
Across the Universe,133 min,7.3,2007,"Drama, Fantasy, History"
L'amant,115 min,6.9,1992,"Biography, Drama, Romance"
August: Osage County,121 min,7.2,2013,"Comedy, Drama"
Ferdinand,108 min,6.8,2017,"Animation, Adventure, Comedy"
Hillbilly Elegy,116 min,6.7,2020,Drama
Rise of the Planet of the Apes,105 min,7.5,2011,"Action, Drama, Sci-Fi"
Under Siege,103 min,6.5,1992,"Action, Thriller"
Boys Don't Cry,118 min,7.5,1999,"Biography, Crime, Drama"
Borat Subsequent Moviefilm: Delivery of Prodigious Bribe to American Regime for Make Benefit Once Glorious Nation of Kazakhstan,95 min,6.6,2020,Comedy
Ghost World,111 min,7.3,2001,"Comedy, Drama"
Lilo & Stitch,85 min,7.3,2002,"Animation, Adventure, Comedy"
Beginners,105 min,7.2,2010,"Comedy, Drama, Romance"
Margin Call,107 min,7.1,2011,"Drama, Thriller"
Sling Blade,135 min,8.0,1996,Drama
War Horse,146 min,7.2,2011,"Action, Adventure, Drama"
Fences,139 min,7.2,2016,Drama
The Lone Ranger,150 min,6.4,2013,"Action, Adventure, Western"
Mudbound,134 min,7.4,2017,"Drama, War"
Winter's Bone,100 min,7.2,2010,"Drama, Mystery"
Joy,124 min,6.6,I 2015,"Biography, Drama"
The New World,135 min,6.7,2005,"Biography, Drama, History"
DragonHeart,103 min,6.5,1996,"Action, Adventure, Fantasy"
Before Sunset,80 min,8.1,2004,"Drama, Romance"
Crimson Tide,116 min,7.3,1995,"Action, Drama, Thriller"
Wild,115 min,7.1,I 2014,"Adventure, Biography, Drama"
The Queen,103 min,7.3,2006,"Biography, Drama"
Pocahontas,81 min,6.7,I 1995,"Animation, Adventure, Drama"
I Am Sam,132 min,7.6,2001,Drama
Norbit,103 min,4.1,2007,"Comedy, Romance"
Glengarry Glen Ross,100 min,7.7,1992,"Crime, Drama, Mystery"
Borat: Cultural Learnings of America for Make Benefit Glorious Nation of Kazakhstan,84 min,7.3,2006,Comedy
Babel,143 min,7.4,I 2006,Drama
Despicable Me 2,98 min,7.3,2013,"Animation, Adventure, Comedy"
The Square,151 min,7.2,2017,"Comedy, Drama"
Dreamgirls,130 min,6.5,2006,"Drama, Music, Musical"
Shark Tale,90 min,6.0,2004,"Animation, Adventure, Comedy"
The Way Back,133 min,7.3,I 2010,"Adventure, Drama, History"
In the Line of Fire,128 min,7.2,1993,"Action, Crime, Drama"
The Crying Game,112 min,7.3,1992,"Crime, Drama, Romance"
A Serious Man,106 min,7.1,2009,"Comedy, Drama"
Six Degrees of Separation,112 min,6.8,1993,"Comedy, Drama, Mystery"
The Hours,110 min,7.5,2002,"Drama, Romance"
Adaptation.,115 min,7.7,2002,"Comedy, Drama"
The Nutty Professor,95 min,5.6,1996,"Comedy, Romance, Sci-Fi"
Malcolm X,202 min,7.7,1992,"Biography, Drama, History"
21 Grams,124 min,7.6,2003,"Crime, Drama, Thriller"
Deepwater Horizon,107 min,7.1,2016,"Action, Drama, History"
The Illusionist,110 min,7.6,2006,"Drama, Fantasy, Mystery"
Blue Jasmine,98 min,7.3,2013,"Comedy, Drama"
WolfWalkers,103 min,8.0,2020,"Animation, Adventure, Family"
Nebraska,115 min,7.7,2013,"Adventure, Comedy, Drama"
Rio,96 min,6.9,2011,"Animation, Adventure, Comedy"
The Imaginarium of Doctor Parnassus,123 min,6.8,2009,"Adventure, Comedy, Fantasy"
Crazy Heart,112 min,7.2,2009,"Drama, Music, Romance"
Real Steel,127 min,7.0,2011,"Action, Drama, Sci-Fi"
Star Trek VI: The Undiscovered Country,110 min,7.2,1991,"Action, Adventure, Sci-Fi"
If Beale Street Could Talk,119 min,7.1,2018,"Drama, Romance"
Still Alice,101 min,7.5,2014,Drama
Precious,110 min,7.3,II 2009,Drama
Sabrina,127 min,6.3,1995,"Comedy, Drama, Romance"
Before Midnight,109 min,7.9,2013,"Drama, Romance"
Julie & Julia,123 min,7.0,2009,"Biography, Drama, Romance"
The Hunchback of Notre Dame,91 min,7.0,1996,"Animation, Drama, Family"
First Reformed,113 min,7.1,2017,"Drama, Mystery, Thriller"
The Young Victoria,105 min,7.3,2009,"Biography, Drama, History"
20th Century Women,119 min,7.3,2016,"Comedy, Drama"
Hellboy II: The Golden Army,120 min,7.0,2008,"Action, Adventure, Fantasy"
A Little Princess,97 min,7.7,1995,"Drama, Family, Fantasy"
Cinderella Man,144 min,8.0,2005,"Biography, Drama, History"
Charlie Wilson's War,102 min,7.0,2007,"Biography, Comedy, Drama"
How to Train Your Dragon 2,102 min,7.8,2014,"Animation, Action, Adventure"
Maverick,127 min,7.0,1994,"Action, Adventure, Comedy"
In the Name of the Father,133 min,8.1,1993,"Biography, Crime, Drama"
The Cider House Rules,126 min,7.4,1999,"Drama, Romance"
Stuart Little,84 min,5.9,1999,"Adventure, Comedy, Family"
Joyeux Noël,116 min,7.7,2005,"Drama, History, Music"
The Bridges of Madison County,135 min,7.6,1995,"Drama, Romance"
Ed Wood,127 min,7.8,1994,"Biography, Comedy, Drama"
Poseidon,98 min,5.7,2006,"Action, Adventure, Thriller"
The Insider,157 min,7.8,1999,"Biography, Drama, Thriller"
Saving Mr. Banks,125 min,7.5,2013,"Biography, Comedy, Drama"
Backdraft,137 min,6.7,1991,"Action, Crime, Drama"
Space Cowboys,130 min,6.5,2000,"Action, Adventure, Thriller"
The Client,119 min,6.8,1994,"Crime, Drama, Mystery"
The Book Thief,131 min,7.5,2013,"Drama, War"
Hamlet,242 min,7.7,1996,Drama
The Remains of the Day,134 min,7.8,1993,"Drama, Romance"
The Crucible,124 min,6.8,1996,"Drama, History"
The Player,124 min,7.5,1992,"Comedy, Crime, Drama"
Unstoppable,98 min,6.8,2010,"Action, Thriller"
The Ides of March,101 min,7.1,2011,"Drama, Thriller"
Ma Rainey's Black Bottom,94 min,6.9,2020,"Drama, Music"
Days of Thunder,107 min,6.1,1990,"Action, Drama, Sport"
At Eternity's Gate,111 min,6.9,2018,"Biography, Drama"
Barton Fink,116 min,7.7,1991,"Comedy, Drama, Thriller"
One Night in Miami...,114 min,7.1,2020,Drama
The Portrait of a Lady,144 min,6.2,1996,"Drama, Romance"
Extremely Loud & Incredibly Close,129 min,6.9,2011,"Adventure, Drama, Mystery"
The Last King of Scotland,123 min,7.7,2006,"Biography, Drama, History"
The Two Popes,125 min,7.6,2019,"Comedy, Drama"
Young Guns II,104 min,6.5,1990,"Action, Western"
Howards End,142 min,7.4,1992,"Drama, Romance"
Girl with a Pearl Earring,100 min,6.9,2003,"Biography, Drama, Romance"
The Preacher's Wife,123 min,5.6,1996,"Comedy, Drama, Fantasy"
"The Adventures of Priscilla, Queen of the Desert",104 min,7.5,1994,"Comedy, Music"
The Artist,100 min,7.9,I 2011,"Comedy, Drama, Romance"
Monster House,91 min,6.6,2006,"Animation, Comedy, Family"
The Commitments,118 min,7.6,1991,"Comedy, Drama, Music"
United 93,111 min,7.6,2006,"Action, Drama, History"
Babe,91 min,6.8,1995,"Comedy, Drama, Family"
Air Force One,124 min,6.5,1997,"Action, Drama, Thriller"
Christopher Robin,104 min,7.3,2018,"Animation, Adventure, Comedy"
"Quo vadis, Aida?",101 min,7.9,2020,"Drama, History, War"
Ray,152 min,7.7,I 2004,"Biography, Drama, Music"
Doubt,104 min,7.5,I 2008,"Drama, Mystery"
Kung Fu Panda 2,90 min,7.2,2011,"Animation, Action, Adventure"
Kaze tachinu,126 min,7.8,2013,"Animation, Biography, Drama"
Once,86 min,7.8,I 2007,"Drama, Music, Romance"
Nine,118 min,5.8,2009,"Drama, Musical, Romance"
Star Trek: First Contact,111 min,7.6,1996,"Action, Adventure, Drama"
Capote,114 min,7.3,2005,"Biography, Crime, Drama"
Emma,120 min,6.7,1996,"Comedy, Drama, Romance"
Damage,111 min,6.8,1992,"Drama, Romance"
The Muppets,120 min,7.1,2011,"Adventure, Comedy, Family"
Amistad,155 min,7.3,1997,"Biography, Drama, History"
Titus,162 min,7.1,1999,"Drama, History, Thriller"
My Week with Marilyn,99 min,6.9,2011,"Biography, Drama"
Gräns,110 min,7.0,2018,"Crime, Drama, Fantasy"
Nobody's Fool,110 min,7.4,1994,"Comedy, Drama"
Lars and the Real Girl,106 min,7.3,2007,"Comedy, Drama, Romance"
U-571,116 min,6.6,2000,"Action, War"
Invictus,134 min,7.3,2009,"Biography, Drama, History"
James and the Giant Peach,79 min,6.7,1996,"Animation, Adventure, Family"
Frankenstein,123 min,6.4,1994,"Drama, Horror, Romance"
The Kite Runner,128 min,7.6,2007,Drama
Finding Neverland,106 min,7.6,2004,"Biography, Drama, Family"
Hitchcock,98 min,6.8,2012,"Biography, Drama, Romance"
Patch Adams,115 min,6.8,1998,"Biography, Comedy, Drama"
Marshall,118 min,7.3,2017,"Biography, Crime, Drama"
Surf's Up,85 min,6.7,2007,"Animation, Adventure, Comedy"
The Squid and the Whale,81 min,7.3,2005,"Comedy, Drama"
Victoria & Abdul,111 min,6.8,2017,"Biography, Drama, History"
Brother Bear,85 min,6.8,2003,"Animation, Adventure, Comedy"
Amour,127 min,7.9,2012,Drama
A Simple Plan,121 min,7.5,1998,"Crime, Drama, Thriller"
Short Cuts,188 min,7.7,1993,"Comedy, Drama"
Animal Kingdom,113 min,7.3,2010,"Crime, Drama"
The Cooler,101 min,6.9,2003,"Drama, Romance"
I'm Not There,135 min,6.9,2007,"Biography, Drama, Music"
The Full Monty,91 min,7.2,1997,"Comedy, Drama"
The Man Who Wasn't There,116 min,7.5,2001,"Crime, Drama"
Election,103 min,7.2,1999,"Comedy, Romance"
Milk,128 min,7.5,I 2008,"Biography, Drama"
W.E.,119 min,6.3,2011,"Drama, History, Romance"
An Education,100 min,7.3,2009,Drama
Bicentennial Man,132 min,6.9,1999,"Comedy, Drama, Sci-Fi"
The Duchess,110 min,6.9,2008,"Biography, Drama, History"
The Fisher King,137 min,7.5,1991,"Comedy, Drama, Fantasy"
Elizabeth: The Golden Age,114 min,6.8,2007,"Biography, Drama, History"
Breaking the Waves,159 min,7.8,1996,Drama
House of Sand and Fog,126 min,7.5,2003,"Crime, Drama"
Letters from Iwo Jima,141 min,7.9,2006,"Action, Adventure, Drama"
The People vs. Larry Flynt,130 min,7.3,1996,"Biography, Drama"
Spirit: Stallion of the Cimarron,83 min,7.2,2002,"Animation, Adventure, Drama"
The Kids Are All Right,106 min,7.0,2010,"Comedy, Drama, Romance"
Shaonian de ni,135 min,7.6,2019,"Crime, Drama, Romance"
The Mirror Has Two Faces,126 min,6.6,1996,"Comedy, Drama, Romance"
Syriana,128 min,6.9,2005,"Drama, Thriller"
The Wolfman,103 min,5.8,2010,"Drama, Fantasy, Horror"
August Rush,114 min,7.5,2007,"Drama, Music"
Mr. Turner,150 min,6.8,2014,"Biography, Drama, History"
Forushande,124 min,7.7,2016,Drama
Toni Erdmann,162 min,7.4,2016,"Comedy, Drama"
Lust och fägring stor,130 min,6.9,1995,"Drama, Romance, War"
Selma,128 min,7.5,2014,"Biography, Drama, History"
Loving Vincent,94 min,7.8,2017,"Animation, Biography, Crime"
The Straight Story,112 min,8.0,1999,"Biography, Drama"
The Iron Lady,105 min,6.4,2011,"Biography, Drama"
Geronimo: An American Legend,115 min,6.5,1993,"Drama, History, Western"
Kubo and the Two Strings,101 min,7.8,2016,"Animation, Action, Adventure"
Philomena,98 min,7.6,2013,"Biography, Comedy, Drama"
Loving,123 min,7.0,2016,"Biography, Drama, Romance"
The American President,114 min,6.8,1995,"Comedy, Drama, Romance"
En kongelig affære,137 min,7.5,2012,"Biography, Drama, History"
A Mighty Wind,91 min,7.2,2003,"Comedy, Music"
La Vie En Rose,140 min,7.6,2007,"Biography, Drama, Music"
Over the Moon,95 min,6.4,2020,"Animation, Adventure, Comedy"
102 Dalmatians,100 min,4.9,2000,"Adventure, Comedy, Family"
Chaplin,143 min,7.5,1992,"Biography, Comedy, Drama"
Eraser,115 min,6.1,1996,"Action, Crime, Thriller"
Puss in Boots,90 min,6.6,2011,"Animation, Adventure, Comedy"
The Wife,99 min,7.2,I 2017,Drama
Daylight,114 min,5.9,1996,"Action, Adventure, Drama"
Dave,110 min,6.8,1993,"Comedy, Romance"
Wonder Boys,107 min,7.3,2000,"Comedy, Drama"
All Is Lost,106 min,6.9,2013,"Action, Adventure, Drama"
Anomalisa,90 min,7.3,2015,"Animation, Comedy, Drama"
Flags of Our Fathers,135 min,7.1,2006,"Action, Adventure, Drama"
Dead Man Walking,122 min,7.5,1995,"Crime, Drama"
Florence Foster Jenkins,111 min,6.8,2016,"Biography, Comedy, Drama"
Notes on a Scandal,92 min,7.4,2006,"Crime, Drama, Romance"
Seabiscuit,140 min,7.3,2003,"Drama, History, Sport"
Can You Ever Forgive Me?,106 min,7.1,2018,"Biography, Comedy, Crime"
In & Out,90 min,6.4,1997,"Comedy, Romance"
"Good Night, and Good Luck.",93 min,7.4,2005,"Biography, Drama, History"
Flatliners,115 min,6.6,1990,"Drama, Horror, Sci-Fi"
The Sessions,95 min,7.2,2012,"Biography, Comedy, Drama"
Mirror Mirror,106 min,5.6,I 2012,"Adventure, Comedy, Drama"
Kate & Leopold,118 min,6.4,2001,"Comedy, Fantasy, Romance"
Wag the Dog,97 min,7.1,1997,"Comedy, Drama"
Rob Roy,139 min,6.9,1995,"Adventure, Biography, Drama"
What's Love Got to Do with It,118 min,7.3,1993,"Biography, Drama, Music"
Quills,124 min,7.3,2000,"Biography, Drama"
Secrets & Lies,136 min,8.0,1996,"Comedy, Drama"
"Roman J. Israel, Esq.",122 min,6.5,2017,"Crime, Drama, Thriller"
Trumbo,124 min,7.5,2015,"Biography, Crime, Drama"
Velvet Goldmine,118 min,7.0,1998,"Drama, Music"
Song of the Sea,93 min,8.1,2014,"Animation, Adventure, Drama"
The Curse of the Were-Rabbit,85 min,7.4,2005,"Animation, Adventure, Comedy"
Hustle & Flow,116 min,7.3,2005,"Crime, Drama, Music"
Bugsy,136 min,6.8,1991,"Biography, Crime, Drama"
The Ghost and the Darkness,110 min,6.8,1996,"Adventure, Drama, Thriller"
About Schmidt,125 min,7.1,2002,"Comedy, Drama"
Under sandet,100 min,7.8,2015,"Drama, History, War"
Quiz Show,133 min,7.5,1994,"Biography, Drama, History"
North Country,126 min,7.3,2005,Drama
In the Bedroom,131 min,7.4,2001,"Crime, Drama"
Henry & June,136 min,6.3,1990,"Biography, Drama"
The One and Only Ivan,95 min,6.6,2020,"Adventure, Comedy, Drama"
Breakthrough,116 min,6.3,2019,"Biography, Drama"
The Man Who Sold His Skin,104 min,7.0,2020,Drama
In the Loop,106 min,7.4,2009,Comedy
Orlando,94 min,7.2,1992,"Biography, Drama, Fantasy"
Far from Heaven,107 min,7.4,2002,"Drama, Romance"
Mr. Holland's Opus,143 min,7.3,1995,"Drama, Music"
Junior,109 min,4.7,1994,"Comedy, Romance, Sci-Fi"
Frankenweenie,87 min,6.9,2012,"Animation, Comedy, Drama"
Beethoven's 2nd,89 min,5.0,1993,"Comedy, Family, Romance"
The Contender,126 min,6.9,2000,"Drama, Thriller"
Rachel Getting Married,113 min,6.7,2008,"Drama, Romance"
Anonymous,130 min,6.9,I 2011,"Drama, Thriller"
Mighty Aphrodite,95 min,7.0,1995,"Comedy, Fantasy, Romance"
Boze Cialo,115 min,7.7,2019,Drama
The End of the Affair,102 min,7.1,1999,"Drama, Romance"
ParaNorman,92 min,7.0,2012,"Animation, Adventure, Comedy"
You Can Count on Me,111 min,7.5,2000,Drama
Bullets Over Broadway,98 min,7.4,1994,"Comedy, Crime"
Hereafter,129 min,6.4,2010,"Drama, Fantasy, Romance"
Lagaan: Once Upon a Time in India,224 min,8.1,2001,"Drama, Musical, Sport"
Jimmy Neutron: Boy Genius,82 min,6.1,2001,"Animation, Action, Adventure"
The Hurricane,146 min,7.6,1999,"Biography, Drama, Sport"
Poetic Justice,109 min,6.1,1993,"Drama, Romance"
Nixon,192 min,7.1,1995,"Biography, Drama, History"
Pieces of April,80 min,7.0,2003,"Comedy, Drama"
The Horse Whisperer,169 min,6.6,1998,"Drama, Romance, Western"
The Broken Circle Breakdown,111 min,7.7,2012,"Drama, Music, Romance"
Persepolis,96 min,8.0,2007,"Animation, Biography, Drama"
Reversal of Fortune,111 min,7.2,1990,"Biography, Drama, Mystery"
Io sono l'amore,120 min,7.0,2009,"Drama, Romance"
Hoffa,140 min,6.6,1992,"Biography, Crime, Drama"
Rabbit Hole,91 min,7.0,2010,Drama
Toys,118 min,5.1,1992,"Adventure, Comedy, Drama"
Marvin's Room,98 min,6.7,1996,Drama
Frost/Nixon,122 min,7.7,2008,"Biography, Drama, History"
Mr. Saturday Night,119 min,5.9,1992,"Comedy, Drama"
Don Juan DeMarco,97 min,6.7,1994,"Comedy, Drama, Romance"
Kinsey,118 min,7.1,2004,"Biography, Drama, Romance"
The Visitor,104 min,7.6,I 2007,Drama
Shine,105 min,7.7,1996,"Biography, Drama, Music"
Kundun,134 min,7.0,1997,"Biography, Drama, History"
45 Years,91 min,7.1,2015,"Drama, Romance"
One Fine Day,108 min,6.5,1996,"Comedy, Drama, Romance"
Gods and Monsters,105 min,7.4,1998,"Biography, Drama"
Evita,135 min,6.3,1996,"Biography, Drama, History"
Mighty Joe Young,114 min,5.7,1998,"Action, Adventure, Family"
Michael Collins,133 min,7.2,1996,"Biography, Drama, Thriller"
Half Nelson,106 min,7.2,2006,Drama
The Grifters,110 min,6.9,1990,"Crime, Drama, Thriller"
Kon-Tiki,118 min,7.2,2012,"Adventure, Biography, Drama"
The Prince of Tides,132 min,6.8,1991,"Drama, Romance"
The Sweet Hereafter,112 min,7.5,1997,Drama
Before Night Falls,133 min,7.2,2000,"Biography, Drama, Romance"
Quest for Camelot,86 min,6.3,1998,"Animation, Adventure, Comedy"
The Secret of Kells,71 min,7.6,2009,"Animation, Adventure, Family"
Shadow of the Vampire,92 min,6.9,2000,"Drama, Horror"
Angela's Ashes,145 min,7.3,1999,"Biography, Drama"
Shadowlands,131 min,7.3,1993,"Biography, Drama, Romance"
Mrs. Henderson Presents,103 min,7.0,2005,"Comedy, Drama, Music"
In the Valley of Elah,121 min,7.1,2007,"Crime, Drama, Mystery"
Bad Grandpa,92 min,6.5,2013,Comedy
Lone Star,135 min,7.4,1996,"Drama, Mystery"
Missing Link,93 min,6.7,2019,"Animation, Adventure, Comedy"
Lorenzo's Oil,129 min,7.3,1992,"Biography, Drama"
The Breadwinner,94 min,7.7,2017,"Animation, Drama, Family"
Metropolitan,98 min,7.4,1990,"Comedy, Drama, Romance"
Dirty Pretty Things,97 min,7.3,2002,"Crime, Drama, Thriller"
Beyond the Lights,116 min,6.9,2014,"Drama, Music, Romance"
Happy-Go-Lucky,118 min,7.0,2008,"Comedy, Drama, Romance"
Beloved,172 min,6.0,1998,"Drama, History, Horror"
Green Card,107 min,6.2,1990,"Comedy, Drama, Romance"
Pollock,122 min,7.0,2000,"Biography, Drama"
Whale Rider,101 min,7.5,2002,"Drama, Family"
Efter brylluppet,120 min,7.7,2006,Drama
Nell,112 min,6.5,1994,Drama
Shaun the Sheep Movie,85 min,7.3,2015,"Animation, Adventure, Comedy"
Mrs Brown,101 min,7.2,1997,"Biography, Drama, History"
Postcards from the Edge,101 min,6.7,1990,"Comedy, Drama"
Fly Away Home,107 min,6.8,1996,"Adventure, Drama, Family"
Country Strong,117 min,6.3,2010,"Drama, Music"
Affliction,114 min,6.9,1997,"Drama, Mystery, Thriller"
Topsy-Turvy,160 min,7.4,1999,"Biography, Comedy, Drama"
Mandela: Long Walk to Freedom,141 min,7.1,2013,"Biography, Drama, History"
The Boxtrolls,96 min,6.8,2014,"Animation, Adventure, Comedy"
Coco avant Chanel,105 min,6.7,2009,"Biography, Drama"
Der Baader Meinhof Komplex,150 min,7.4,2008,"Action, Biography, Crime"
Searching for Bobby Fischer,109 min,7.4,1993,"Biography, Drama, Sport"
Hamlet,135 min,6.7,1990,Drama
Deconstructing Harry,96 min,7.4,1997,Comedy
Another Year,129 min,7.4,2010,"Comedy, Drama"
The Madness of King George,110 min,7.2,1994,"Biography, Comedy, Drama"
"Deux jours, une nuit",95 min,7.3,2014,Drama
Hævnen,118 min,7.6,2010,"Drama, Romance"
Les triplettes de Belleville,80 min,7.8,2003,"Animation, Comedy, Drama"
Primary Colors,143 min,6.7,1998,"Comedy, Drama"
No Man's Land,98 min,7.9,I 2001,"Comedy, Drama, War"
Transamerica,103 min,7.4,2005,"Adventure, Comedy, Drama"
Bulworth,108 min,6.8,1998,"Comedy, Drama, Romance"
Venus,95 min,7.1,I 2006,"Comedy, Drama, Romance"
The Pirates! In an Adventure with Scientists!,88 min,6.7,2012,"Animation, Adventure, Comedy"
American Splendor,101 min,7.4,2003,"Biography, Comedy, Drama"
Mirai no Mirai,98 min,7.0,2018,"Animation, Adventure, Drama"
The Messenger,113 min,7.1,I 2009,"Drama, Romance, War"
Babe: Pig in the City,97 min,5.8,1998,"Adventure, Comedy, Drama"
Fearless,122 min,7.1,1993,"Drama, Thriller"
The Tempest,110 min,5.4,I 2010,"Comedy, Drama, Fantasy"
Anna and the King,148 min,6.7,1999,"Drama, History, Romance"
Albert Nobbs,113 min,6.7,2011,"Drama, Romance"
Il divo,110 min,7.3,2008,"Biography, Drama"
The Wings of the Dove,102 min,7.1,1997,"Drama, Romance"
In America,105 min,7.7,2002,Drama
The Savages,114 min,7.1,2007,"Comedy, Drama"
The Good German,105 min,6.0,2006,"Drama, Mystery, Romance"
El abrazo de la serpiente,125 min,7.9,2015,"Adventure, Biography, Drama"
Rambling Rose,112 min,6.6,1991,Drama
The Quiet American,101 min,7.0,2002,"Drama, Romance, Thriller"
Le violon rouge,130 min,7.6,1998,"Drama, Music, Mystery"
Iris,91 min,7.0,I 2001,"Biography, Drama, Romance"
Richard III,110 min,7.4,1995,"Drama, Sci-Fi, War"
Havana,144 min,6.1,I 1990,"Drama, Romance, War"
The Paper,112 min,6.7,1994,"Comedy, Drama"
Hundraåringen som klev ut genom fönstret och försvann,114 min,7.1,2013,"Adventure, Comedy"
A Civil Action,115 min,6.6,1998,Drama
Away from Her,110 min,7.5,2006,Drama
Vera Drake,125 min,7.6,2004,"Crime, Drama"
Avalon,128 min,7.2,1990,Drama
Angels and Insects,116 min,6.8,1995,"Drama, Romance"
The Invisible Woman,111 min,6.2,2013,"Biography, Drama, History"
Junebug,106 min,6.9,2005,"Comedy, Drama"
Ghosts of Mississippi,130 min,6.7,1996,"Drama, History"
Blue Sky,101 min,6.4,1994,"Drama, Romance"
Barney's Version,134 min,7.3,2010,"Comedy, Drama"
A Shaun the Sheep Movie: Farmageddon,86 min,6.8,2019,"Animation, Adventure, Comedy"
My Family,128 min,7.3,1995,Drama
Monsieur Lazhar,95 min,7.5,2011,"Comedy, Drama"
The Gruffalo,27 min,7.5,2009 TV Movie,"Animation, Family, Fantasy"
L'illusionniste,90 min,7.5,2010,"Animation, Drama, Fantasy"
The Apostle,134 min,7.2,1997,Drama
One True Thing,127 min,7.0,1998,Drama
Die Fälscher,99 min,7.6,2007,"Crime, Drama, History"
Ernest et Célestine,80 min,7.9,2012,"Animation, Adventure, Comedy"
Maria Full of Grace,101 min,7.4,2004,"Crime, Drama"
Restoration,117 min,6.6,1995,"Biography, Drama, History"
Grand Canyon,134 min,6.8,1991,"Crime, Drama"
Up Close & Personal,124 min,6.2,1996,"Drama, Romance"
Snow Falling on Cedars,127 min,6.8,1999,"Drama, Mystery, Romance"
For the Boys,138 min,6.4,1991,"Comedy, Drama, Music"
Hilary and Jackie,121 min,7.3,1998,"Biography, Drama, Music"
The Last Station,112 min,7.0,2009,"Biography, Drama, Romance"
The Wild Thornberrys Movie,85 min,5.6,2002,"Animation, Adventure, Comedy"
The Field,107 min,7.4,1990,"Drama, Thriller"
Så som i himmelen,133 min,7.5,2004,"Comedy, Drama, Music"
Husbands and Wives,108 min,7.5,1992,"Comedy, Drama, Romance"
Sweet and Lowdown,95 min,7.2,1999,"Comedy, Drama, Music"
Mediterraneo,96 min,7.5,1991,"Comedy, Drama, War"
Oscar and Lucinda,132 min,6.6,1997,"Drama, Romance"
A Better Life,98 min,7.2,2011,"Drama, Romance"
Tsotsi,95 min,7.2,2005,"Crime, Drama"
Enchanted April,95 min,7.4,1991,Drama
Little Voice,97 min,7.0,1998,"Comedy, Drama, Music"
Frozen River,97 min,7.1,2008,"Crime, Drama"
Being Julia,104 min,7.0,2004,"Comedy, Drama, Romance"
Les invasions barbares,99 min,7.6,2003,"Comedy, Crime, Drama"
Music of the Heart,124 min,6.8,1999,"Drama, Music"
Xi yan,106 min,7.6,1993,"Comedy, Drama, Romance"
Pred dozhdot,113 min,8.0,1994,"Drama, Romance, War"
Alice,106 min,6.6,1990,"Comedy, Romance"
Passion Fish,135 min,7.4,1992,Drama
Krigen,115 min,7.1,2015,"Crime, Drama, Thriller"
Room on the Broom,25 min,7.6,2012 TV Movie,"Animation, Comedy, Family"
Nirgendwo in Afrika,141 min,7.5,2001,"Biography, Drama, History"
Theeb,100 min,7.2,2014,"Adventure, Drama, Thriller"
The Affair of the Necklace,118 min,6.1,2001,"Drama, History, Romance"
Love Field,105 min,6.6,1992,Drama
Ulee's Gold,113 min,7.0,1997,Drama
Solomon and Gaenor,105 min,6.8,1999,"Drama, Romance"
The Mambo Kings,104 min,6.4,1992,"Drama, Music"
Timbuktu,96 min,7.2,2014,"Drama, War"
Afterglow,119 min,6.1,1997,"Comedy, Drama, Romance"
Tom & Viv,125 min,6.3,1994,"Biography, Drama, Romance"
Paradise Now,91 min,7.4,2005,"Crime, Drama, Thriller"
Une vie de chat,70 min,6.9,2010,"Animation, Adventure, Comedy"
Chico & Rita,94 min,7.2,2010,"Animation, Crime, Drama"
Vatel,103 min,6.6,2000,"Biography, Drama, Romance"
Karakter,122 min,7.7,1997,"Crime, Drama, Mystery"
Tumbleweeds,102 min,6.7,1999,"Comedy, Drama"
Georgia,115 min,6.6,1995,"Drama, Music"
Mr. & Mrs. Bridge,126 min,6.6,1990,Drama
Yesterday,90 min,7.5,I 2004,Drama
La bestia nel cuore,120 min,6.4,2005,"Drama, Mystery"
Fresa y chocolate,108 min,7.4,1993,"Comedy, Drama, Romance"
Le goût des autres,112 min,7.2,2000,"Comedy, Drama, Romance"
Alone Yet Not Alone,103 min,4.6,2013,"Action, Drama, History"
Unstrung Heroes,93 min,6.7,1995,"Comedy, Drama"
Jenseits der Stille,109 min,7.5,1996,"Drama, Music"
Roommates,108 min,6.4,1995,"Comedy, Drama"
"O Que é Isso, Companheiro?",110 min,7.4,1997,"Action, Drama, History"
De Tweeling,137 min,7.4,2002,"Drama, Romance, War"
Hors la loi,138 min,6.6,2010,"Crime, Drama, War"
Börn náttúrunnar,82 min,7.3,1991,"Drama, Romance"
China's Unnatural Disaster: The Tears of Sichuan Province,38 min,7.4,2009 TV Movie,Documentary
Iedereen beroemd!,97 min,7.0,2000,"Comedy, Drama, Music"
Hedd Wyn,123 min,7.1,1992,"Drama, Romance, War"
Zus & zo,106 min,6.2,2001,"Comedy, Fantasy, Romance"
Little Surprises,36 min,7.5,1996 TV Movie,"Comedy, Drama"
The Last Truck: Closing of a GM Plant,40 min,6.9,2009 TV Movie,Documentary
Duke of Groove,32 min,5.8,1995 TV Movie,Drama
Partners,36 min,5.7,1993 TV Movie,[None]
LaLee's Kin: The Legacy of Cotton,89 min,7.7,2001 TV Movie,Documentary
Autism Is a World,40 min,6.8,2004 TV Movie,Documentary
Liberators: Fighting on Two Fronts in World War II,90 min,4.4,1992 TV Movie,"Documentary, War"
Family Video Diaries: Daughter of the Bride,30 min,6.2,1997 TV Movie,Documentary
